name,school_rating,size,reduced_lunch,state_percentile_16,state_percentile_15,stu_teach_ratio,school_type,avg_score_15,avg_score_16,full_time_teachers,percent_black,percent_white,percent_asian,percent_hispanic
Allendale Elementary School,5.0,851.0,10.0,90.2,95.8,15.7,Public,89.4,85.2,54.0,2.9,85.5,1.6,5.6
Anderson Elementary,2.0,412.0,71.0,32.8,37.3,12.8,Public,43.0,38.3,32.0,3.9,86.7,1.0,4.9
Avoca Elementary,4.0,482.0,43.0,78.4,83.6,16.6,Public,75.7,73.0,29.0,1.0,91.5,1.2,4.4
Bailey Middle,0.0,394.0,91.0,1.6,1.0,13.1,Public Magnet,2.1,4.4,30.0,80.7,11.7,2.3,4.3
Barfield Elementary,4.0,948.0,26.0,85.3,89.2,14.8,Public,81.3,79.6,64.0,11.8,71.2,7.1,6.0
Barkers Mill Elementary School,4.0,893.0,48.0,78.1,76.4,13.9,Public,69.4,72.3,64.0,28.6,39.9,2.2,17.8
Barksdale Elementary,4.0,580.0,58.0,83.2,74.6,13.8,Public,68.0,76.1,42.0,27.4,59.5,0.5,6.6
Beech Elementary,5.0,612.0,16.0,95.2,93.4,15.6,Public,85.9,90.3,39.0,4.2,90.5,0.3,3.1
Beech Senior High School,4.0,1274.0,21.0,82.5,77.9,14.9,Public,67.2,69.3,85.0,13.8,79.7,1.4,3.7
Bellevue Middle,3.0,680.0,50.0,53.0,55.5,16.5,Public Magnet,55.8,53.3,41.0,24.3,61.8,5.6,6.6
Bellshire Elementary,0.0,539.0,75.0,3.5,2.9,14.5,Public Magnet,6.3,8.3,37.0,83.7,8.7,0.4,5.4
Benny C. Bills Elementary School,3.0,705.0,67.0,64.6,63.8,13.0,Public,59.9,60.6,54.0,26.0,58.0,0.3,12.9
Black Fox Elementary,3.0,830.0,72.0,52.1,62.8,13.8,Public,58.8,50.5,60.0,29.4,36.5,7.3,19.2
Blackman Elementary School,5.0,880.0,25.0,92.4,90.3,14.4,Public,82.5,87.0,61.0,17.0,67.3,6.9,5.7
Blackman High School,4.0,2021.0,25.0,84.8,66.2,17.4,Public,62.1,72.5,116.0,19.6,67.7,5.2,5.8
Blackman Middle School,4.0,1212.0,30.0,87.2,87.1,16.8,Public,77.2,78.3,72.0,14.6,73.2,4.8,5.7
Bluff City Elementary,2.0,489.0,66.0,36.0,54.1,14.3,Public,53.2,41.0,34.0,0.0,96.3,0.0,1.4
Bluff City Middle School,3.0,361.0,63.0,59.3,59.2,15.0,Public,58.1,57.4,24.0,1.1,97.5,0.0,0.0
Boones Creek Middle School,4.0,310.0,61.0,81.4,92.4,14.7,Public,82.2,72.8,21.0,0.6,94.8,0.6,2.9
Bradley Academy - An Arts Integrated School,1.0,453.0,84.0,11.3,13.9,11.6,Public,22.2,17.3,39.0,37.3,23.8,1.1,29.6
Brentwood High School,5.0,1689.0,4.0,96.3,97.3,18.7,Public,89.8,87.6,90.0,3.1,83.8,6.9,3.6
Brentwood Middle School,5.0,1261.0,3.0,98.0,98.2,18.5,Public,91.1,91.7,68.0,3.2,83.3,6.7,2.8
Brown's Chapel Elementary School,4.0,694.0,37.0,88.2,82.5,14.7,Public,74.7,82.8,47.0,9.9,79.0,2.4,5.5
Buchanan Elementary,4.0,460.0,44.0,82.2,83.9,13.1,Public,76.0,75.1,35.0,2.8,84.6,5.7,4.8
Buena Vista Elementary,0.0,365.0,81.0,1.3,0.8,13.5,Public Magnet,1.7,4.5,27.0,93.4,1.1,0.3,1.4
Byars Dowdy Elementary,3.0,616.0,70.0,51.9,55.5,13.6,Public,54.5,50.5,45.0,12.8,57.3,3.1,24.5
Byrns L Darden Elementary,2.0,631.0,74.0,45.3,18.7,11.6,Public,26.8,46.3,54.0,32.8,40.3,0.3,18.4
Caldwell Elementary,0.0,279.0,83.0,7.5,3.9,10.7,Public Magnet,7.9,12.6,26.0,92.5,3.6,0.0,2.5
Cameron College Preparatory,0.0,587.0,90.0,7.7,16.0,13.9,Public Charter,25.8,13.2,42.0,23.2,25.2,1.9,49.6
Carmel Elementary,5.0,583.0,21.0,93.7,,14.9,Public,,89.0,39.0,3.4,79.6,1.9,8.9
Carroll Oakland Elementary,2.0,652.0,42.0,31.2,46.2,15.9,Public,48.8,36.7,41.0,0.9,87.7,0.3,7.8
Carter-Lawrence Elementary,0.0,390.0,85.0,6.6,10.5,13.4,Public Magnet,16.2,11.7,29.0,79.0,13.6,0.8,6.2
Cason Lane Academy,3.0,723.0,45.0,51.5,61.2,13.3,Public,57.8,50.4,54.0,16.3,56.4,9.5,10.1
Castle Heights Elementary,4.0,628.0,53.0,72.8,81.2,16.5,Public,73.6,67.3,38.0,17.7,69.1,2.4,9.4
Centennial Elementary,4.0,750.0,60.0,83.9,79.8,13.8,Public,71.9,77.5,54.0,5.2,82.7,0.3,5.1
Centennial High School,4.0,1716.0,24.0,80.2,91.6,17.6,Public,79.4,68.2,97.0,13.9,65.7,3.4,13.8
Central Elementary,1.0,284.0,79.0,28.4,12.9,12.9,Public,20.3,35.0,22.0,0.4,96.5,0.0,2.1
Chapman's Retreat Elementary,4.0,733.0,13.0,85.2,89.6,15.2,Public,81.6,79.8,48.0,4.1,83.4,1.4,6.8
Charlotte Park Elementary,1.0,457.0,79.0,18.6,14.0,15.2,Public,22.3,26.1,30.0,19.7,33.7,10.1,33.9
Cherokee Elementary,4.0,384.0,61.0,75.8,63.2,14.2,Public,59.1,70.3,27.0,3.1,71.4,2.3,19.5
Clarksville High School,4.0,1342.0,30.0,85.1,90.0,19.1,Public,76.7,72.5,70.0,14.8,71.7,2.0,6.0
Clovercroft Elementary School,5.0,795.0,2.0,99.5,99.6,15.5,Public,95.3,97.7,51.0,2.4,77.2,12.7,4.9
Clyde Riggs Elementary,2.0,236.0,52.0,47.6,35.2,12.4,Public,41.8,48.3,19.0,4.7,88.6,0.4,5.5
Cockrill Elementary,1.0,488.0,75.0,25.3,13.2,11.0,Public,21.0,31.9,44.0,31.4,33.6,2.0,30.3
Coles Ferry Elementary,3.0,649.0,56.0,59.7,72.1,15.4,Public,66.4,56.8,42.0,16.6,70.6,1.4,9.1
Colonial Heights Middle,4.0,402.0,41.0,73.9,92.0,15.4,Public,81.9,68.6,26.0,0.5,94.8,1.2,2.5
Columbia Central High School,2.0,1372.0,54.0,44.0,26.1,14.9,Public,37.4,44.3,92.0,31.0,58.0,0.9,9.5
Crieve Hall Elementary,5.0,413.0,45.0,92.7,85.5,15.8,Public,77.6,88.2,26.0,10.2,54.0,11.4,21.8
Crockett Elementary,5.0,838.0,2.0,98.7,98.3,17.4,Public,93.9,96.5,48.0,3.6,83.1,6.1,3.0
Croft Middle,2.0,723.0,74.0,32.0,30.5,18.5,Public Magnet,39.6,37.9,39.0,22.0,39.4,6.2,32.1
Cumberland Elementary,0.0,456.0,91.0,1.5,4.4,14.7,Public,8.8,4.8,31.0,79.6,8.8,0.2,8.6
Cumberland Heights Elementary,4.0,676.0,54.0,84.4,76.6,14.6,Public,69.4,79.0,46.0,5.6,83.3,0.3,4.6
Dan Mills Elementary,3.0,542.0,54.0,58.6,31.0,13.8,Public,39.0,56.1,39.0,23.8,65.3,2.2,5.7
Dickson County High School,3.0,1467.0,47.0,63.8,44.1,18.3,Public,49.1,57.8,80.0,9.0,84.3,0.9,4.2
Dickson Elementary,2.0,370.0,65.0,40.3,41.0,14.2,Public,45.2,43.8,26.0,7.8,72.2,1.1,15.7
Dickson Middle School,4.0,1203.0,54.0,70.6,81.6,16.9,Public,72.0,65.1,71.0,9.7,82.3,0.7,5.6
Discovery School,5.0,411.0,8.0,99.6,99.8,15.2,Public Magnet,96.0,98.2,27.0,4.4,83.5,5.1,2.7
Dobyns - Bennett High,5.0,2090.0,43.0,96.8,87.0,15.7,Public,73.1,89.2,133.0,6.3,86.3,1.8,3.3
Donelson Middle,1.0,699.0,75.0,20.4,15.8,16.6,Public,25.7,29.2,42.0,39.3,44.2,2.9,12.2
E B Wilson,2.0,53.0,62.0,30.5,5.4,17.6,Public,15.2,36.0,3.0,3.8,90.6,0.0,3.8
E. A. Cox Middle School,0.0,760.0,66.0,8.5,15.4,14.6,Public,25.2,14.6,52.0,33.7,50.7,1.4,13.8
Eakin Elementary,1.0,640.0,86.0,21.9,22.0,16.0,Public,30.4,29.0,40.0,15.3,40.9,0.9,36.3
Eakin Elementary,3.0,577.0,40.0,69.4,78.1,15.1,Public,70.5,64.7,38.0,45.1,38.3,11.8,4.3
East End Preparatory School,4.0,383.0,87.0,81.9,,22.5,Public Charter,,75.7,17.0,74.7,8.1,0.5,13.6
East Montgomery Elementary,4.0,619.0,24.0,89.6,85.6,14.7,Public,77.7,84.4,42.0,3.1,83.4,1.5,7.9
East Side Elementary,1.0,417.0,93.0,16.1,16.1,12.6,Public,24.5,24.4,33.0,15.3,38.4,0.0,38.8
Edmondson Elementary,5.0,761.0,2.0,97.4,98.8,16.5,Public,94.4,94.6,46.0,2.8,81.5,7.8,3.0
Elzie D Patton Elementary School,4.0,664.0,33.0,81.8,85.2,17.0,Public,77.4,75.0,39.0,1.4,79.2,1.5,7.1
Emmett Elementary,2.0,363.0,72.0,49.4,38.2,16.5,Public,43.2,49.3,22.0,0.0,96.7,0.0,2.8
Erma Siegel Elementary,4.0,749.0,18.0,82.5,83.5,13.1,Public,75.7,75.7,57.0,13.6,75.0,2.4,4.8
Fairmont Elementary,5.0,546.0,50.0,90.3,95.2,15.6,Public,88.5,85.0,35.0,11.5,70.5,1.5,9.5
Fairmount Elementary,2.0,532.0,74.0,45.1,40.7,12.9,Public,45.0,46.6,41.0,6.4,86.8,0.0,3.0
Fairview Elementary,5.0,467.0,32.0,91.6,88.9,12.9,Public,81.2,86.3,36.0,1.9,88.0,0.2,6.6
Fairview High School,2.0,657.0,37.0,46.0,85.3,12.1,Public,71.8,45.0,54.0,1.4,89.6,0.3,5.6
Fairview Middle School,4.0,572.0,35.0,79.4,85.5,12.7,Public,75.9,72.5,45.0,1.6,90.9,1.6,4.5
Fall-Hamilton Elementary,1.0,327.0,73.0,28.1,14.8,11.6,Public Magnet,23.2,34.8,28.0,64.8,14.1,0.9,18.7
Franklin Elementary,4.0,324.0,44.0,87.8,93.2,9.8,Public,85.7,82.5,33.0,20.1,53.4,0.9,19.8
Franklin High School,5.0,1747.0,7.0,94.5,96.3,18.5,Public Magnet,89.0,83.7,94.0,2.5,85.2,1.9,6.3
Fred J Page High School,5.0,937.0,9.0,90.5,98.7,16.4,Public,94.1,77.1,57.0,2.3,88.7,1.8,3.7
Fred J Page Middle School,5.0,1056.0,7.0,98.6,97.7,18.2,Public,90.4,92.0,58.0,2.7,87.4,3.5,2.8
Freedom Middle School,4.0,595.0,44.0,83.6,84.8,11.2,Public,75.5,74.8,53.0,15.8,58.2,1.8,20.2
Gallatin Senior High School,2.0,1498.0,51.0,32.2,33.4,15.7,Public,42.1,37.9,95.0,20.1,66.3,0.6,11.7
Gene W. Brown Elementary,3.0,457.0,45.0,52.2,64.7,12.3,Public,60.7,50.5,37.0,12.7,71.6,2.4,11.4
George A Whitten Elementary,2.0,431.0,52.0,33.4,35.9,13.9,Public,42.1,38.8,31.0,13.0,73.1,1.2,11.8
Glencliff Elementary,1.0,490.0,86.0,11.7,4.2,14.0,Public,8.3,18.5,35.0,9.4,26.3,1.0,61.2
Glencliff High School,1.0,1485.0,85.0,10.9,11.7,17.0,Public,24.3,14.7,87.0,26.4,23.4,5.2,44.3
Glendale Elementary,5.0,434.0,6.0,99.2,97.8,16.6,Public Magnet,93.6,97.4,26.0,4.1,86.9,1.8,5.1
Glenellen Elementary,4.0,1019.0,48.0,76.0,73.9,14.3,Public,67.7,70.3,71.0,22.3,56.3,1.0,11.4
Glengarry Elementary,0.0,472.0,93.0,1.9,10.2,15.7,Public,15.4,6.0,30.0,17.6,23.7,1.7,56.1
Glenn Elementary,0.0,181.0,88.0,4.2,8.9,10.0,Public Magnet,14.3,8.8,18.0,91.7,5.5,0.0,2.8
Glenview Elementary,0.0,798.0,87.0,4.6,9.8,14.5,Public,14.9,9.1,55.0,13.5,37.7,0.6,47.4
Goodlettsville Elementary,1.0,387.0,72.0,14.3,18.5,12.9,Public,26.7,21.7,30.0,36.4,43.4,3.4,11.6
Goodlettsville Middle,0.0,487.0,84.0,8.7,16.6,17.3,Public Magnet,26.5,14.9,28.0,46.4,32.6,2.5,15.2
Gower Elementary,2.0,706.0,48.0,49.6,65.9,14.1,Public,61.8,49.4,50.0,20.8,55.8,7.8,12.6
Gra-Mar Middle,0.0,406.0,90.0,2.4,3.7,15.0,Public,6.8,5.8,27.0,74.1,14.5,1.0,8.1
Granbery Elementary,5.0,742.0,43.0,89.9,91.0,17.2,Public,83.6,84.8,43.0,16.6,59.7,9.7,11.6
Grassland Elementary,5.0,518.0,4.0,97.7,96.5,15.2,Public,90.7,95.0,34.0,4.4,88.2,2.3,3.3
Grassland Middle School,5.0,921.0,5.0,97.6,97.3,17.0,Public,89.9,91.5,54.0,1.5,90.1,2.9,2.9
Guild Elementary,4.0,675.0,63.0,74.8,62.0,14.6,Public,58.2,69.1,46.0,21.8,59.1,1.5,14.8
H. G. Hill Middle,2.0,607.0,76.0,37.2,44.5,16.8,Public,49.0,42.3,36.0,24.5,45.1,10.7,18.9
Happy Valley Elementary,4.0,557.0,73.0,76.1,65.1,15.4,Public,61.1,70.8,36.0,2.3,89.8,0.2,4.5
Harold B. Williams Elementary School,4.0,662.0,27.0,89.8,82.7,14.7,Public,74.8,84.7,45.0,2.6,92.1,1.2,2.6
Harpeth Valley Elementary,5.0,763.0,26.0,91.9,95.7,15.8,Public,89.4,86.7,48.0,11.0,77.6,7.3,2.4
Harris Middle School,2.0,986.0,82.0,32.2,26.2,19.3,Public,36.7,38.0,51.0,15.9,48.4,1.0,30.6
Hattie Cotton Elementary,0.0,422.0,76.0,5.2,3.1,12.7,Public Magnet,6.6,10.5,33.0,64.0,19.0,1.2,13.7
Haynes Middle,0.0,272.0,82.0,6.7,5.1,16.0,Public,11.3,11.7,17.0,97.4,1.1,0.7,0.7
Haynesfield Elementary,4.0,397.0,41.0,88.6,89.7,18.0,Public,81.7,83.2,22.0,0.8,91.2,0.8,3.0
Haywood Elementary,0.0,842.0,94.0,7.0,6.1,14.2,Public,11.3,12.1,59.0,11.3,14.5,12.5,61.3
Hazelwood Elementary,5.0,806.0,34.0,95.1,92.9,13.8,Public,85.3,90.1,58.0,22.1,47.0,2.2,18.9
Head Middle,4.0,587.0,48.0,83.4,86.5,17.7,Public Magnet,76.6,74.5,33.0,57.9,30.2,7.5,4.1
Hendersonville High School,4.0,1522.0,21.0,73.9,79.6,15.5,Public,68.0,63.4,98.0,8.7,85.2,1.6,3.5
Hickman Elementary,1.0,536.0,74.0,14.1,24.9,14.4,Public,32.7,21.5,37.0,36.0,48.1,2.2,9.3
Highland Park Elementary,2.0,348.0,88.0,34.6,25.6,11.6,Public,34.1,39.7,30.0,20.1,54.3,0.0,22.7
Hillsboro Elementary/ Middle School,5.0,529.0,20.0,93.0,92.0,12.5,Public,84.3,88.4,42.0,1.1,90.5,1.3,3.2
Hillsboro High,1.0,1198.0,53.0,21.6,25.4,17.1,Public Magnet,37.2,26.2,70.0,51.7,38.1,2.5,7.1
Hillwood High,1.0,1154.0,66.0,25.3,22.4,18.0,Public,35.2,31.0,64.0,34.4,46.0,7.8,10.8
Hobgood Elementary,1.0,483.0,71.0,22.4,30.6,10.7,Public,38.7,29.1,45.0,33.7,35.4,2.9,21.1
Holloway High School,1.0,118.0,54.0,23.6,22.7,7.3,Public,35.4,28.9,16.0,22.9,65.3,0.8,8.5
Holston Valley Middle School,2.0,190.0,73.0,40.5,25.6,9.5,Public,36.2,44.1,20.0,1.1,96.3,1.1,1.1
Holston View Elementary,5.0,370.0,38.0,95.7,86.2,14.2,Public,78.6,91.1,26.0,0.8,91.1,0.5,3.0
Homer Pittard Campus School,4.0,248.0,12.0,83.6,95.1,16.5,Public,88.3,77.6,15.0,8.1,83.5,4.0,2.0
Howard Elementary,3.0,521.0,42.0,57.3,45.9,14.4,Public,48.5,54.7,36.0,19.4,64.7,2.5,12.5
Hull-Jackson Elementary,0.0,508.0,53.0,5.5,13.5,14.9,Public Magnet,21.3,10.6,34.0,87.2,6.1,2.8,2.6
Hume - Fogg High,5.0,915.0,29.0,98.6,97.0,19.8,Public Magnet,89.6,97.9,46.0,21.4,63.1,8.6,6.2
Hunters Bend Elementary,5.0,564.0,4.0,97.1,97.1,16.5,Public,92.1,93.7,34.0,2.5,86.9,4.8,3.0
Hunters Lane High,1.0,1695.0,84.0,12.9,11.4,18.0,Public Magnet,23.7,16.4,94.0,56.9,19.4,1.2,21.4
Indian Lake Elementary,5.0,555.0,10.0,96.7,96.7,15.8,Public,91.2,93.1,35.0,1.4,93.3,2.2,1.6
Indian Springs Elementary,4.0,389.0,36.0,75.6,71.1,14.4,Public,65.9,70.3,27.0,0.0,95.9,0.3,1.8
Inglewood Elementary,0.0,306.0,80.0,4.1,0.6,10.9,Public,1.5,9.2,28.0,81.0,10.1,0.7,5.9
Isaac Litton Middle,1.0,419.0,71.0,13.0,6.4,14.4,Public,13.2,20.5,29.0,47.7,43.9,2.4,4.8
Isaiah T. Creswell Middle,0.0,426.0,72.0,2.2,6.6,14.6,Public Magnet,13.5,4.9,29.0,87.6,9.4,0.7,2.1
J E Woodard Elementary,4.0,510.0,49.0,79.5,75.4,15.4,Public,68.5,73.1,33.0,11.0,75.3,1.2,10.0
J W Wiseman Elementary,3.0,431.0,49.0,65.4,33.7,13.0,Public,40.8,61.4,33.0,4.9,89.1,0.7,2.3
J. Brown Elementary,0.0,401.0,67.0,7.3,14.7,13.3,Public,23.1,12.4,30.0,38.7,47.9,1.2,12.0
J. R. Baker Elementary,4.0,332.0,50.0,70.2,53.9,14.4,Public,53.1,65.2,23.0,24.7,63.9,1.8,9.3
Jack Anderson Elementary,5.0,707.0,15.0,97.0,95.0,16.8,Public,88.2,93.6,42.0,5.9,87.8,3.1,2.5
Jackson Elementary,2.0,519.0,87.0,34.2,30.7,14.8,Public,38.8,39.2,35.0,9.6,72.6,0.4,9.8
Jefferson Elementary,4.0,450.0,45.0,83.5,79.1,16.6,Public,71.3,77.0,27.0,3.6,84.9,4.0,4.2
Jere Baxter Middle,0.0,369.0,90.0,4.3,2.3,14.1,Public,4.4,8.2,26.0,62.6,16.5,1.9,18.7
Jim Satterfield Middle School,5.0,272.0,56.0,95.1,76.8,15.1,Public,69.3,87.4,18.0,14.0,80.5,0.0,4.4
Joe Shafer Middle School,3.0,656.0,55.0,55.1,44.7,14.9,Public,49.0,54.0,44.0,20.4,66.9,0.9,9.9
John Adams Elementary,5.0,372.0,30.0,95.0,91.7,14.8,Public,84.3,90.0,25.0,0.8,88.7,2.2,4.6
John B. Whitsitt Elementary,0.0,517.0,89.0,0.6,1.0,13.6,Public,2.4,2.3,38.0,14.1,14.9,2.9,64.8
John Early Middle,0.0,482.0,86.0,3.4,2.5,12.6,Public Magnet,5.2,7.0,38.0,84.4,9.8,2.5,2.5
John Overton High,1.0,1894.0,67.0,17.5,10.7,20.5,Public,23.3,21.4,92.0,22.2,34.2,14.5,28.7
John Pittard Elementary,2.0,989.0,53.0,37.3,28.9,14.7,Public,37.5,41.1,67.0,27.7,49.0,1.5,15.3
John Trotwood Moore Middle,3.0,639.0,43.0,60.3,78.5,14.2,Public Magnet,70.4,59.6,45.0,32.9,57.1,3.8,5.5
Johnson Elementary,4.0,531.0,54.0,84.5,91.6,16.0,Public,83.9,79.1,33.0,4.1,86.8,2.4,2.1
Johnson Elementary,4.0,393.0,45.0,72.6,86.7,10.3,Public,79.0,67.6,38.0,18.6,45.3,4.1,23.2
Jones Elementary,1.0,366.0,65.0,16.4,18.2,15.2,Public Magnet,26.5,24.0,24.0,95.1,2.2,0.5,1.6
Julia Green Elementary,5.0,581.0,18.0,97.5,87.6,14.8,Public Magnet,79.8,94.8,39.0,14.1,75.6,6.5,2.9
K I P P Academy Nashville,5.0,349.0,87.0,93.1,66.6,13.4,Public Charter,62.5,83.6,26.0,68.8,2.6,0.3,27.5
Kennedy Elementary,2.0,318.0,79.0,43.3,48.8,12.7,Public,50.2,45.3,25.0,3.5,87.1,0.0,2.8
Kenrose Elementary,5.0,820.0,2.0,98.8,98.4,16.4,Public,94.0,96.6,50.0,2.1,68.7,21.1,3.9
Kenwood Elementary,3.0,713.0,67.0,62.8,43.7,13.2,Public,47.1,59.6,54.0,31.6,40.3,0.7,16.1
Kenwood High School,2.0,1089.0,59.0,47.4,58.5,17.8,Public,56.9,45.8,61.0,39.7,37.6,1.5,11.6
Kenwood Middle School,2.0,863.0,71.0,32.6,36.9,14.1,Public,43.6,38.7,61.0,37.7,38.7,1.2,13.4
Ketron Elementary School,1.0,722.0,78.0,12.7,,17.6,Public,,20.2,41.0,1.1,93.4,0.1,2.9
Kirkpatrick Elementary,0.0,375.0,79.0,0.5,0.7,11.0,Public Magnet,1.7,1.9,34.0,86.1,8.0,1.6,1.1
Lake Ridge Elementary,5.0,517.0,22.0,91.0,86.6,16.6,Public,79.0,85.9,31.0,1.4,82.8,5.4,7.0
Lakeside Park Elementary,4.0,355.0,33.0,74.3,77.2,13.6,Public,69.9,68.9,26.0,9.3,84.5,0.6,3.9
Lakeview Elementary,0.0,975.0,80.0,9.3,5.9,14.5,Public Magnet,11.1,15.6,67.0,40.6,30.9,0.9,24.9
Lakeview Elementary School,5.0,692.0,22.0,96.5,96.2,16.8,Public,90.3,92.0,41.0,0.7,90.5,1.4,2.7
Lavergne High School,2.0,1771.0,59.0,41.7,46.5,15.2,Public,50.3,42.6,116.0,35.0,36.5,3.1,24.6
Lavergne Lake Elementary School,3.0,917.0,66.0,68.0,70.5,13.6,Public,65.5,63.1,67.0,40.2,29.7,2.6,23.3
Lavergne Middle School,2.0,1020.0,71.0,45.7,47.1,14.5,Public,50.6,47.7,70.0,37.0,29.2,3.1,28.3
Lead Prep Southeast,2.0,235.0,77.0,47.8,,14.6,Public Charter,,49.6,16.0,36.6,33.2,3.4,26.8
Learning Way Elementary,1.0,575.0,97.0,10.4,12.1,15.1,Public,19.3,16.1,38.0,12.7,39.1,1.2,39.7
Lebanon High School,3.0,1802.0,39.0,52.0,33.1,18.0,Public,41.5,49.0,100.0,5.5,74.0,1.5,8.5
Liberty Bell Middle School,5.0,1141.0,46.0,95.5,92.6,22.3,Public,82.3,88.0,51.0,11.0,76.4,2.9,6.7
Liberty Collegiate Academy,5.0,416.0,81.0,91.3,93.4,14.8,Public Charter,82.9,82.6,28.0,52.9,14.9,0.7,31.3
Liberty Elementary,4.0,522.0,46.0,86.4,93.5,11.3,Public,86.2,81.0,46.0,13.6,47.3,3.6,31.6
Liberty Elementary,2.0,717.0,62.0,31.7,20.5,16.6,Public,29.2,37.3,43.0,1.3,88.6,0.3,7.9
Liberty Elementary,3.0,807.0,63.0,60.1,52.4,13.4,Public,52.6,57.4,60.0,27.3,45.8,0.1,12.0
Lincoln Elementary,3.0,460.0,78.0,62.1,70.6,15.3,Public,65.5,58.7,30.0,17.0,63.9,0.9,5.4
Lipscomb Elementary,5.0,775.0,5.0,98.9,98.6,16.4,Public,94.0,96.9,47.0,3.6,80.9,8.1,2.6
Lockeland Elementary,5.0,300.0,20.0,99.4,98.0,13.6,Public Magnet,93.7,97.5,22.0,13.0,82.7,2.0,1.3
Longview Elementary School,5.0,863.0,13.0,95.4,91.1,17.2,Public,83.7,90.4,50.0,3.2,83.3,1.4,8.5
Madison Creek Elementary,4.0,740.0,21.0,79.7,82.9,13.7,Public,75.2,73.1,54.0,12.8,77.0,3.5,3.9
Maplewood High,0.0,1002.0,86.0,2.9,3.7,18.9,Public,13.0,7.2,53.0,72.2,11.3,1.1,14.5
Margaret Allen Middle,1.0,504.0,89.0,24.7,11.5,18.6,Public,20.5,33.1,27.0,34.3,31.0,3.6,30.8
Martin Luther King Junior School,5.0,1224.0,37.0,98.9,97.7,21.1,Public Magnet,90.2,98.9,58.0,36.8,42.1,11.8,4.7
Marvin Wright Elementary School,4.0,611.0,31.0,77.1,84.3,16.5,Public,76.4,72.1,37.0,3.9,86.7,1.8,7.4
May Werthan Shayne Elementary School,2.0,794.0,55.0,36.6,41.7,16.5,Public,45.5,41.0,48.0,32.5,50.5,8.3,6.4
McDowell Elementary,0.0,358.0,76.0,5.6,16.9,14.3,Public,25.2,11.4,25.0,42.7,33.2,0.8,22.6
McFadden School Of Excellence,5.0,388.0,3.0,99.8,99.3,18.4,Public Magnet,94.9,98.5,21.0,4.9,86.9,3.1,2.3
McGavock Elementary,1.0,310.0,76.0,19.9,15.3,14.7,Public,23.7,27.1,21.0,20.6,39.7,4.5,30.3
McGavock High,1.0,2314.0,65.0,19.8,24.7,17.5,Public,36.7,24.8,132.0,37.3,45.5,2.5,13.3
McMurray Middle,1.0,740.0,98.0,12.8,6.8,17.6,Public,13.6,21.4,42.0,11.9,18.2,19.5,50.0
Meigs Middle,5.0,699.0,28.0,98.2,98.4,19.4,Public Magnet,91.7,91.8,36.0,25.3,59.9,8.7,4.7
Middle College High,5.0,122.0,19.0,94.3,96.7,20.3,Public,89.4,83.5,6.0,52.5,37.7,4.1,4.9
Miller Perry Elementary,3.0,380.0,39.0,63.5,71.2,16.5,Public,65.9,61.3,23.0,0.5,94.5,1.1,1.8
Millersville Elementary,2.0,302.0,62.0,47.5,60.2,13.1,Public,57.0,47.7,23.0,5.6,67.9,1.0,21.2
Minglewood Elementary,3.0,812.0,76.0,58.5,36.1,13.0,Public,42.2,56.0,62.0,28.0,39.9,0.7,18.7
Mitchell-Neilson Elementary,1.0,819.0,65.0,12.4,28.0,13.4,Public,36.5,19.4,61.0,25.6,48.6,1.5,15.9
Moore Elementary,5.0,529.0,25.0,96.4,97.4,12.0,Public,92.9,91.9,44.0,9.1,59.9,10.4,17.2
Moore Magnet Elementary,4.0,472.0,59.0,85.5,75.8,12.7,Public Magnet,68.9,79.7,37.0,29.2,49.4,1.1,8.9
Moses McKissack Middle,0.0,345.0,98.0,3.8,3.5,11.5,Public,6.7,7.3,30.0,83.8,9.6,0.0,6.7
Mountain View Elementary,1.0,485.0,90.0,27.4,26.0,15.6,Public,34.8,33.8,31.0,19.4,58.4,0.0,11.1
Mt. Juliet Elementary,5.0,639.0,15.0,92.5,90.6,18.2,Public,82.9,87.5,35.0,0.2,84.5,4.7,4.5
Mt. Juliet High School,5.0,1993.0,18.0,93.1,89.0,19.3,Public,74.7,80.5,103.0,1.7,86.3,2.5,3.3
Mt. Juliet Middle School,5.0,1547.0,23.0,93.9,90.0,22.4,Public,80.1,84.8,69.0,0.6,85.8,2.0,3.0
Mt. Pleasant Middle Visual Perform. Arts,2.0,457.0,56.0,30.2,29.9,13.0,Public,39.0,37.6,35.0,19.0,77.2,0.7,2.4
Murrell School,0.0,71.0,87.0,0.2,,4.7,Public,,0.1,15.0,76.1,15.5,0.0,5.6
Nannie Berry Elementary,5.0,606.0,24.0,91.1,80.1,16.3,Public,72.3,86.0,37.0,7.1,83.5,4.0,4.3
Napier Elementary,0.0,476.0,84.0,0.7,1.1,13.2,Public Magnet,2.5,2.4,36.0,89.3,4.2,0.4,4.2
Nashville Big Picture High School,1.0,182.0,58.0,25.0,15.7,10.1,Public,28.9,30.1,18.0,53.8,36.3,1.1,7.7
Nashville Prep,4.0,383.0,55.0,82.2,95.7,15.3,Public Charter,88.4,73.7,25.0,79.6,7.0,0.8,12.5
Nashville School Of The Arts,3.0,621.0,36.0,53.7,60.9,20.0,Public Magnet,59.7,50.8,31.0,33.7,55.7,2.7,6.6
New Providence Middle School,3.0,1008.0,66.0,63.4,49.8,15.7,Public,52.1,60.2,64.0,22.9,55.1,0.6,13.0
New Vision Academy,4.0,178.0,81.0,86.8,74.6,13.6,Public Charter,67.6,77.8,13.0,50.0,7.9,1.1,40.4
Norman Binkley Elementary,1.0,510.0,86.0,11.6,13.4,13.7,Public,21.1,18.6,37.0,13.3,26.3,9.8,49.0
Norman Smith Elementary,4.0,625.0,73.0,87.0,94.4,13.5,Public,87.4,81.8,46.0,29.9,47.8,1.0,9.8
North Middle School,1.0,344.0,74.0,27.1,,19.1,Public,,35.4,18.0,0.3,95.9,0.6,1.7
North Side Elementary,3.0,249.0,64.0,64.5,46.9,10.8,Public,49.0,60.8,23.0,26.9,50.2,0.8,10.0
Northeast Elementary,3.0,854.0,38.0,60.6,55.4,14.4,Public,54.2,57.6,59.0,22.0,50.6,1.8,15.0
Northeast High School,4.0,1274.0,43.0,76.7,66.9,19.9,Public,62.4,65.5,64.0,35.2,41.4,2.2,12.8
Northeast Middle School,3.0,1163.0,46.0,67.6,54.1,17.6,Public,54.5,63.4,66.0,27.6,47.4,1.7,14.1
Northfield Elementary,3.0,610.0,48.0,61.0,59.0,11.5,Public,56.4,57.8,53.0,27.7,52.8,3.0,10.0
Northwest High School,3.0,1185.0,56.0,68.7,71.2,16.9,Public,64.1,59.8,70.0,26.4,57.4,1.4,9.0
Oak View Elementary School,5.0,665.0,6.0,97.8,98.1,15.8,Public,93.8,95.2,42.0,0.8,89.5,2.4,3.8
Oakland High School,3.0,1983.0,41.0,57.2,49.5,17.0,Public Magnet,52.0,53.4,116.0,25.1,59.1,3.7,10.0
Oakland Middle School,4.0,1046.0,42.0,74.9,58.0,16.0,Public,57.2,69.0,65.0,18.6,68.9,1.9,7.3
Oakmont Elementary,2.0,681.0,67.0,47.8,57.8,13.6,Public,55.7,48.7,50.0,10.7,72.4,1.9,9.8
Old Center Elementary,2.0,347.0,79.0,38.3,68.8,12.3,Public,64.2,42.2,28.0,46.1,23.9,2.3,24.5
Paragon Mills Elementary,0.0,920.0,86.0,4.3,5.6,15.3,Public,10.9,8.5,60.0,27.5,14.3,6.0,50.9
Park Avenue Elementary,0.0,521.0,91.0,7.4,10.3,11.3,Public Magnet,15.7,12.7,46.0,94.6,2.7,0.0,1.7
Pearl-Cohn High,0.0,905.0,89.0,3.7,3.3,15.0,Public Magnet,12.4,8.3,60.0,89.0,4.9,0.4,4.5
Pearre Creek Elementary School,5.0,753.0,3.0,97.9,96.1,16.3,Public,90.3,95.3,46.0,0.7,89.4,1.6,4.4
Pennington Elementary,1.0,361.0,57.0,10.6,14.5,15.0,Public,22.8,16.4,24.0,16.9,61.2,2.5,17.5
Percy Priest Elementary,5.0,561.0,13.0,99.1,99.5,16.5,Public,95.3,97.0,34.0,6.2,85.9,2.3,4.6
Pickett County Elementary,1.0,522.0,62.0,12.2,33.6,14.9,Public,40.8,19.9,35.0,0.8,96.7,0.4,2.1
Pickett County High School,3.0,249.0,59.0,50.0,46.8,13.8,Public,50.4,47.7,18.0,0.4,96.0,0.4,2.8
Poplar Grove 5-8,5.0,398.0,31.0,94.9,96.9,11.7,Public,89.6,87.7,34.0,6.5,61.1,4.0,25.1
Poplar Grove K-4,4.0,436.0,42.0,84.3,91.9,10.3,Public,84.3,78.2,42.0,4.8,51.4,3.7,37.8
Portland East Middle School,2.0,359.0,54.0,43.9,40.4,12.3,Public,46.3,46.0,29.0,4.2,88.9,0.3,5.0
Portland Gateview Elementary School,4.0,563.0,50.0,82.9,64.2,13.0,Public,60.2,75.9,43.0,3.7,86.5,0.7,4.6
Portland High School,3.0,1135.0,43.0,54.0,30.8,15.7,Public,40.1,51.0,72.0,5.2,88.9,0.4,4.2
Portland West Middle School,3.0,528.0,52.0,57.7,40.0,14.2,Public,46.1,56.2,37.0,6.3,86.0,0.6,6.1
R Howell Elementary,1.0,505.0,64.0,11.1,30.4,14.8,Public,38.2,17.1,34.0,25.5,58.6,1.6,12.7
Ravenwood High School,4.0,2025.0,4.0,69.8,96.0,19.2,Public,88.7,60.3,105.0,4.9,78.7,7.7,4.5
Renaissance High School,4.0,141.0,17.0,81.9,80.3,11.7,Public,68.7,68.8,12.0,2.8,90.8,0.0,3.5
Richview Middle School,4.0,990.0,36.0,87.4,77.7,17.0,Public,69.7,78.6,58.0,14.8,71.0,1.7,8.0
Ringgold Elementary,3.0,777.0,65.0,59.6,58.7,13.6,Public,56.2,56.6,57.0,35.0,34.4,0.5,17.9
Riverdale High School,4.0,1864.0,32.0,73.3,65.9,16.2,Public,62.0,62.6,115.0,14.9,71.9,5.8,5.1
Riverside Elementary,0.0,394.0,74.0,2.3,10.6,13.1,Public,16.3,6.3,30.0,33.8,51.3,0.3,14.0
Robert Churchwell Elementary,0.0,520.0,87.0,2.0,1.9,12.0,Public Magnet,4.3,6.1,43.0,91.3,3.7,0.6,2.1
Robert E Ellis Middle,5.0,602.0,19.0,95.7,95.9,15.0,Public,88.6,88.4,40.0,8.0,84.6,3.0,3.7
Robert E. Lilliard Elementary,0.0,400.0,92.0,6.7,11.1,14.8,Public Magnet,17.1,12.0,27.0,92.0,3.5,0.8,2.3
Robinson Middle School,5.0,900.0,42.0,91.9,85.9,17.3,Public,76.1,83.2,52.0,3.6,88.7,3.3,2.2
Rock Springs Elementary,3.0,454.0,43.0,56.5,47.7,15.1,Public,49.6,54.9,30.0,0.9,91.4,0.7,4.4
Rock Springs Elementary,4.0,945.0,34.0,81.6,88.0,16.2,Public,80.2,74.8,58.0,26.1,55.3,6.1,8.8
Roosevelt Elementary,4.0,269.0,86.0,69.9,65.8,12.2,Public,61.8,64.8,22.0,3.3,88.8,0.0,5.9
Rose Park Middle,5.0,430.0,63.0,91.5,83.2,16.5,Public Magnet,73.5,82.7,26.0,60.2,28.4,2.3,8.6
Rosebank Elementary,0.0,297.0,70.0,0.8,14.1,14.1,Public,22.5,2.8,21.0,57.2,30.3,2.4,5.4
Rossview Elementary,5.0,1322.0,26.0,94.5,93.7,16.5,Public,86.3,89.9,80.0,13.1,64.9,3.4,11.3
Rossview High School,5.0,1504.0,29.0,96.0,94.0,19.5,Public,82.7,85.9,77.0,18.6,66.5,2.1,7.5
Rossview Middle School,4.0,1179.0,36.0,88.5,82.6,16.8,Public,72.8,79.5,70.0,18.9,64.2,2.7,8.0
Roy L Waldron Elementary,2.0,826.0,78.0,30.7,40.8,13.7,Public,45.1,36.6,60.0,28.1,29.5,2.2,36.0
Rucker Stewart Middle,3.0,742.0,60.0,50.6,28.9,15.1,Public,38.6,51.6,49.0,27.6,52.2,1.3,17.3
Rutland Elementary,4.0,963.0,28.0,88.7,86.8,17.8,Public,79.1,83.3,54.0,1.0,77.9,8.1,4.4
STEM Preparatory Academy,3.0,420.0,55.0,68.6,90.8,14.4,Public Charter,80.6,64.5,29.0,16.7,16.7,1.4,65.2
Sam Houston Elementary,3.0,716.0,66.0,62.4,71.9,17.0,Public,66.2,59.2,42.0,19.6,65.1,0.7,11.0
Sango Elementary,5.0,563.0,18.0,96.6,95.3,14.0,Public,89.0,93.0,40.0,6.4,76.9,2.1,8.5
Scales Elementary,5.0,785.0,2.0,98.4,97.6,16.7,Public,93.2,96.0,47.0,1.3,88.4,4.1,2.7
Scales Elementary School,3.0,877.0,26.0,68.3,80.0,14.8,Public,71.9,63.7,59.0,19.5,62.4,4.7,5.9
Science Hill High School,5.0,2251.0,38.0,96.6,90.6,16.0,Public Magnet,78.5,88.7,140.0,11.3,77.4,1.9,7.3
Sevier Middle School,4.0,808.0,65.0,74.1,73.0,15.5,Public,66.6,68.8,52.0,13.9,75.7,2.0,5.2
Shelbyville Central High School,1.0,1290.0,67.0,28.2,27.1,16.9,Public,37.9,34.6,76.0,13.9,61.2,0.2,22.9
Shwab Elementary,0.0,341.0,79.0,8.6,7.9,12.6,Public,13.8,14.6,27.0,37.8,12.9,0.6,47.2
Siegel High School,3.0,1783.0,28.0,59.8,84.6,15.3,Public,71.3,55.3,116.0,16.8,74.6,2.1,4.7
Siegel Middle School,5.0,1039.0,32.0,91.1,90.6,17.3,Public,80.5,82.2,60.0,12.6,77.4,1.9,4.6
South Side Elementary,3.0,372.0,64.0,66.4,71.7,14.8,Public,66.0,62.6,25.0,8.9,67.7,1.3,14.0
South Side Elementary,2.0,410.0,80.0,32.2,32.2,12.8,Public,39.6,38.0,32.0,8.3,52.0,0.5,34.9
Southside Elementary,4.0,866.0,40.0,70.5,66.4,14.9,Public,62.4,65.5,58.0,0.3,90.3,0.3,5.0
Spencer Elementary,1.0,364.0,64.0,18.1,16.0,12.5,Public,24.4,26.0,29.0,0.0,99.7,0.0,0.0
Spring Hill Elementary,3.0,544.0,47.0,62.0,77.9,16.4,Public,70.4,58.8,33.0,11.2,76.5,1.8,10.3
Spring Hill High School,3.0,992.0,39.0,65.2,63.9,17.1,Public,60.9,58.6,58.0,15.2,75.6,1.3,7.8
Spring Hill Middle School,4.0,790.0,38.0,86.4,80.5,20.7,Public,71.5,77.9,38.0,8.9,82.3,1.4,6.7
Spring Station Middle School,5.0,1032.0,18.0,97.2,98.0,17.4,Public,90.5,90.4,59.0,3.3,86.3,1.4,5.4
Stanford Elementary,3.0,435.0,29.0,69.6,81.9,14.5,Public Magnet,74.3,64.9,30.0,29.9,52.6,6.0,9.7
Station Camp Elementary,5.0,1048.0,9.0,96.0,88.6,16.1,Public,80.6,91.6,65.0,5.4,86.8,2.8,2.9
Station Camp High School,4.0,1549.0,20.0,75.0,86.6,17.8,Public,73.1,64.5,87.0,11.2,79.4,1.4,7.2
Station Camp Middle School,4.0,759.0,13.0,89.3,91.0,16.8,Public,80.8,80.0,45.0,7.8,86.6,2.9,2.1
Stoner Creek Elementary,4.0,686.0,23.0,87.6,92.6,18.0,Public,85.1,82.4,38.0,0.1,82.1,3.1,6.4
Stratford High,0.0,675.0,83.0,8.0,7.4,16.4,Public Magnet,18.7,10.7,41.0,65.9,23.9,1.6,7.7
Sullivan East High School,2.0,930.0,55.0,46.3,26.8,14.5,Public,37.7,45.0,64.0,0.5,96.9,0.1,1.5
Sullivan Gardens K-8,3.0,510.0,64.0,50.3,53.8,18.2,Public,53.1,49.8,28.0,0.6,96.5,0.0,1.0
Sullivan North High School,2.0,533.0,63.0,34.8,25.1,11.3,Public,36.9,39.2,47.0,0.9,97.6,0.0,0.9
Sullivan South High School,4.0,904.0,34.0,87.6,26.4,16.7,Public,37.7,74.0,54.0,0.8,95.9,0.7,1.1
Summit High School,4.0,1319.0,12.0,70.1,94.6,18.3,Public,85.4,60.5,72.0,4.0,86.3,0.9,6.1
Sunset Elementary School,5.0,779.0,7.0,96.2,97.7,16.2,Public,93.6,91.9,48.0,5.9,73.6,12.1,4.4
Sunset Middle School,5.0,851.0,8.0,95.3,97.5,17.7,Public,90.4,88.5,48.0,5.5,77.4,7.1,5.8
Sylvan Park Elementary,3.0,491.0,42.0,63.3,50.8,14.8,Public Magnet,51.4,60.7,33.0,30.5,58.7,3.9,5.7
T. W. Hunter Middle School,5.0,696.0,20.0,93.7,77.9,13.6,Public,69.8,84.5,51.0,12.2,78.9,2.3,5.0
Tennessee High School,4.0,1189.0,43.0,85.3,70.2,15.6,Public,63.6,72.5,76.0,4.9,90.1,1.2,2.2
Tennessee Online Public School,5.0,222.0,27.0,90.8,62.5,111.0,Public Virtual,60.8,77.8,2.0,8.1,85.6,1.4,1.4
The Discovery School,5.0,226.0,44.0,91.3,93.1,16.1,Public,85.4,86.2,14.0,9.3,77.0,1.8,8.0
The Middle College @ Austin Peay State University,5.0,124.0,20.0,98.3,99.7,31.0,Public,99.0,95.9,4.0,9.7,63.7,1.6,16.1
Thomas Magnet,5.0,410.0,33.0,99.3,99.2,15.7,Public Magnet,94.9,97.5,26.0,4.6,70.2,1.7,20.5
Tom Joy Elementary,0.0,421.0,89.0,3.9,2.3,11.3,Public,5.3,8.5,37.0,51.5,23.0,1.0,20.9
Towne Acres Elementary,5.0,349.0,21.0,98.0,99.0,15.1,Public,94.5,95.4,23.0,3.2,77.4,10.0,2.6
Trinity Elementary,5.0,595.0,8.0,98.2,98.2,15.2,Public,93.8,96.1,39.0,2.2,86.2,4.0,3.5
Trousdale County Elementary,4.0,570.0,58.0,83.0,81.0,12.9,Public,73.3,76.1,44.0,10.0,80.4,0.4,4.4
Trousdale County High School,4.0,383.0,55.0,88.2,73.2,14.7,Public,64.9,74.2,26.0,14.6,81.7,0.0,2.3
Tuckers Crossroads Elementary,3.0,393.0,46.0,50.4,53.6,13.1,Public,52.9,49.8,30.0,0.3,90.3,1.0,3.3
Tusculum Elementary,0.0,722.0,91.0,1.8,2.6,14.1,Public,5.5,6.1,51.0,11.9,17.3,17.0,52.5
Two Rivers Middle,1.0,557.0,83.0,17.2,10.7,17.4,Public,18.8,24.8,32.0,43.8,34.3,2.3,18.3
Una Elementary,1.0,902.0,88.0,13.4,14.2,14.3,Public,22.6,21.6,63.0,37.0,29.8,2.2,28.7
Union Elementary School,5.0,528.0,15.0,94.7,94.1,17.6,Public,87.3,90.0,30.0,8.1,86.4,1.5,1.3
V G Hawkins Middle School,3.0,491.0,39.0,69.0,78.3,13.6,Public,70.3,64.0,36.0,13.2,76.4,1.0,7.7
Vance Middle School,4.0,572.0,54.0,78.9,66.0,13.9,Public,62.0,71.6,41.0,2.6,90.4,0.9,3.0
Vena Stuart Elementary,1.0,706.0,80.0,28.3,25.1,13.5,Public,33.0,34.7,52.0,22.5,45.6,1.6,25.2
W A Wright Elementary,4.0,657.0,40.0,89.0,89.8,16.8,Public,81.8,83.5,39.0,0.8,87.4,0.9,4.6
Walnut Grove Elementary,5.0,662.0,9.0,98.5,99.4,15.3,Public,95.2,96.2,43.0,1.7,89.4,4.1,2.6
Walter Hill Elementary,4.0,350.0,44.0,80.3,84.7,12.9,Public,76.8,73.8,27.0,6.9,79.7,1.1,6.9
Walter J. Baird Middle School,2.0,579.0,61.0,43.5,47.7,17.0,Public,50.9,46.3,34.0,19.0,68.7,1.6,8.8
Walton Ferry Elementary,4.0,461.0,33.0,86.9,81.3,14.4,Public,73.6,81.8,32.0,10.0,83.1,0.9,4.6
Warner Elementary,0.0,351.0,91.0,1.1,3.3,11.7,Public Magnet,7.2,2.8,30.0,89.7,5.1,0.6,2.0
Washington Elementary,4.0,449.0,48.0,81.0,88.4,15.4,Public,80.6,74.2,29.0,5.8,86.9,4.7,1.3
Watauga Elementary,4.0,392.0,44.0,72.1,35.0,15.0,Public,41.8,67.1,26.0,0.8,90.8,0.3,4.3
Watertown Elementary,2.0,611.0,50.0,46.8,52.6,13.8,Public,52.7,48.0,44.0,0.7,92.6,0.3,2.6
Watertown High School,3.0,408.0,41.0,51.1,27.8,13.1,Public,38.6,48.7,31.0,1.7,91.9,0.5,1.0
Watt Hardison Elementary,2.0,489.0,54.0,30.0,34.4,13.9,Public,41.0,36.0,35.0,2.9,78.9,0.6,14.3
Weaver Elementary,2.0,283.0,65.0,34.9,44.3,14.8,Public,47.6,39.7,19.0,1.4,95.4,0.0,2.1
West Creek Elementary School,4.0,638.0,46.0,79.6,64.8,13.8,Public,60.8,73.1,46.0,28.8,43.4,1.7,15.4
West Creek High School,3.0,1315.0,41.0,62.4,59.5,18.0,Public,58.9,57.0,73.0,36.2,37.8,1.8,15.8
West Creek Middle School,4.0,1049.0,46.0,77.5,59.0,17.4,Public,57.9,71.2,60.0,34.3,35.7,1.7,17.9
West Elementary,4.0,645.0,24.0,82.1,79.5,16.1,Public,71.5,75.0,40.0,0.8,87.0,1.4,5.1
West End Middle,3.0,494.0,51.0,51.4,70.7,15.4,Public Magnet,64.9,53.1,32.0,39.1,50.6,3.6,5.5
West Wilson Middle School,4.0,1153.0,30.0,80.2,78.9,19.8,Public,70.7,72.8,58.0,0.7,83.1,3.4,4.2
Westmeade Elementary,2.0,537.0,61.0,32.0,29.2,16.2,Public,37.6,37.6,33.0,21.6,55.3,6.3,11.4
Westwood Elementary School,4.0,550.0,40.0,77.3,87.4,14.1,Public,79.6,72.3,39.0,2.7,89.1,0.9,4.0
White House Heritage Elementary School,4.0,646.0,34.0,80.0,80.6,17.4,Public,73.1,73.6,37.0,2.6,90.2,1.9,3.3
White House Heritage High School,3.0,979.0,25.0,50.6,67.2,18.1,Public,62.5,48.1,54.0,2.7,91.4,1.3,3.1
White House High School,3.0,891.0,29.0,67.8,64.2,15.9,Public,61.1,59.7,56.0,2.2,92.0,0.7,4.3
White House Middle School,4.0,799.0,33.0,84.0,76.4,15.0,Public,69.1,74.7,53.0,2.5,91.4,1.6,4.0
Whitthorne Middle School,1.0,948.0,65.0,26.3,26.8,17.2,Public,37.0,35.0,55.0,22.4,61.7,1.7,14.1
Whitworth-Buchanan Middle School,3.0,851.0,60.0,50.4,53.7,14.6,Public,53.8,51.4,58.0,23.4,54.6,5.6,12.7
William Henry Oliver Middle,2.0,739.0,57.0,45.5,49.6,16.7,Public,51.8,47.9,44.0,26.9,51.3,11.0,10.1
Wilson Central High School,3.0,1823.0,24.0,55.7,63.2,17.8,Public,60.8,51.9,102.0,2.5,84.9,1.8,4.2
Wilson Elementary School,4.0,800.0,25.0,84.6,89.0,14.5,Public,81.3,79.3,55.0,5.5,86.4,2.6,4.0
Winfree Bryant Middle School,3.0,611.0,57.0,59.1,65.2,16.9,Public,61.4,57.7,36.0,15.2,66.3,1.5,15.7
Winstead Elementary School,5.0,515.0,8.0,93.9,97.0,14.3,Public,92.0,89.3,36.0,3.3,87.4,3.1,4.1
Woodland Elementary,4.0,424.0,55.0,84.8,76.7,14.1,Public,69.4,79.4,30.0,11.6,70.5,2.1,9.7
Woodland Middle School,5.0,866.0,2.0,93.3,97.1,19.2,Public,89.8,84.9,45.0,4.5,77.6,10.0,4.4
Wright Middle,0.0,829.0,89.0,4.5,1.2,16.5,Public,2.7,9.6,50.0,22.3,21.0,6.6,49.5
